{
  "width": 640,
  "height": 480,
  "fx": 382.40997314453125,
  "fy": 382.0688781738281,
  "cx": 319.23876953125,
  "cy": 244.60853576660156
}