{
    "source_contact_points": [
        [
            284.58333333333326,
            307.7083333333333
        ]
    ],
    "target_contact_points": [
        [
            345.3102678571429,
            76.80133928571429
        ]
    ]
}