{
    "source_contact_points": [
        [
            310.2777777777777,
            284.7916666666667
        ]
    ],
    "target_contact_points": [
        [
            268.5714285714286,
            339.2857142857143
        ]
    ]
}