{
    "source_contact_points": [
        [
            403.33333333333337,
            334.7916666666667
        ]
    ],
    "target_contact_points": [
        [
            380.015625,
            393.40625
        ]
    ]
}