{
  "width": 640,
  "height": 480,
  "fx": 382.098388671875,
  "fy": 381.757568359375,
  "cx": 319.23876953125,
  "cy": 244.60853576660156
}