{
    "source_contact_points": [
        [
            403.33333333333337,
            334.7916666666667
        ]
    ],
    "target_contact_points": [
        [
            360.71651785714283,
            392.57589285714283
        ]
    ]
}