{
    "source_contact_points": [
        [
            408.19444444444446,
            338.2638888888889
        ]
    ],
    "target_contact_points": [
        [
            468.4486607142857,
            210.02455357142858
        ]
    ]
}