{
    "source_contact_points": [
        [
            275.55555555555554,
            330.625
        ]
    ],
    "target_contact_points": [
        [
            612.2053571428571,
            12.276785714285715
        ]
    ]
}