{
    "source_contact_points": [
        [
            313.75,
            277.15277777777777
        ]
    ],
    "target_contact_points": [
        [
            314.45535714285717,
            364.29017857142856
        ]
    ]
}