{
    "source_contact_points": [
        [
            330.41666666666663,
            359.09722222222223
        ]
    ],
    "target_contact_points": [
        [
            346.4955357142857,
            381.4419642857143
        ]
    ]
}