{
    "source_contact_points": [
        [
            307.5,
            347.9861111111111
        ]
    ],
    "target_contact_points": [
        [
            308.0267857142857,
            365.8013392857143
        ]
    ]
}