{
  "width": 640,
  "height": 480,
  "fx": 382.30609130859375,
  "fy": 381.965087890625,
  "cx": 319.23876953125,
  "cy": 244.60853576660156
}