{
    "source_contact_points": [
        [
            408.19444444444446,
            338.2638888888889
        ]
    ],
    "target_contact_points": [
        [
            354.36607142857144,
            403.2321428571429
        ]
    ]
}