{
    "source_contact_points": [
        [
            275.55555555555554,
            330.625
        ]
    ],
    "target_contact_points": [
        [
            251.42857142857144,
            475.42857142857144
        ]
    ]
}