{
    "source_contact_points": [
        [
            408.19444444444446,
            338.2638888888889
        ]
    ],
    "target_contact_points": [
        [
            387.109375,
            423.16294642857144
        ]
    ]
}