{
    "source_contact_points": [
        [
            275.55555555555554,
            330.625
        ]
    ],
    "target_contact_points": [
        [
            298.15625,
            404.0
        ]
    ]
}