{
    "source_contact_points": [
        [
            408.19444444444446,
            338.2638888888889
        ]
    ],
    "target_contact_points": [
        [
            354.04464285714283,
            391.63392857142856
        ]
    ]
}