{
  "width": 640,
  "height": 480,
  "fx": 382.20220947265625,
  "fy": 381.8612976074219,
  "cx": 319.23876953125,
  "cy": 244.60853576660156
}