{
    "source_contact_points": [
        [
            408.19444444444446,
            338.2638888888889
        ]
    ],
    "target_contact_points": [
        [
            382.2678571428571,
            377.0580357142857
        ]
    ]
}