{
    "source_contact_points": [
        [
            408.19444444444446,
            338.2638888888889
        ]
    ],
    "target_contact_points": [
        [
            346.4196428571429,
            360.0982142857143
        ]
    ]
}