{
    "source_contact_points": [
        [
            403.33333333333337,
            334.7916666666667
        ]
    ],
    "target_contact_points": [
        [
            298.3303571428571,
            375.18526785714283
        ]
    ]
}