{
    "source_contact_points": [
        [
            330.41666666666663,
            359.09722222222223
        ]
    ],
    "target_contact_points": [
        [
            324.78125,
            359.03125
        ]
    ]
}