{
    "source_contact_points": [
        [
            338.75,
            243.81944444444443
        ]
    ],
    "target_contact_points": [
        [
            317.14285714285717,
            349.34598214285717
        ]
    ]
}