{
    "source_contact_points": [
        [
            309.58333333333326,
            344.5138888888889
        ]
    ],
    "target_contact_points": [
        [
            271.27455357142856,
            399.06919642857144
        ]
    ]
}