{
    "source_contact_points": [
        [
            275.55555555555554,
            330.625
        ]
    ],
    "target_contact_points": [
        [
            24.129464285714285,
            289.29017857142856
        ]
    ]
}