{
    "source_contact_points": [
        [
            330.41666666666663,
            359.09722222222223
        ]
    ],
    "target_contact_points": [
        [
            326.2388392857143,
            360.53348214285717
        ]
    ]
}