{
    "source_contact_points": [
        [
            344.30555555555554,
            304.93055555555554
        ]
    ],
    "target_contact_points": [
        [
            361.5669642857143,
            407.96875
        ]
    ]
}