{
    "source_contact_points": [
        [
            403.33333333333337,
            334.7916666666667
        ]
    ],
    "target_contact_points": [
        [
            350.30357142857144,
            341.0267857142857
        ]
    ]
}