{
    "source_contact_points": [
        [
            265.83333333333326,
            277.84722222222223
        ]
    ],
    "target_contact_points": [
        [
            264.7700892857143,
            279.54464285714283
        ]
    ]
}