{
    "source_contact_points": [
        [
            275.55555555555554,
            330.625
        ]
    ],
    "target_contact_points": [
        [
            385.7142857142857,
            324.42857142857144
        ]
    ]
}