{
    "source_contact_points": [
        [
            338.75,
            243.81944444444443
        ]
    ],
    "target_contact_points": [
        [
            246.95535714285714,
            383.39285714285717
        ]
    ]
}