{
    "source_contact_points": [
        [
            408.19444444444446,
            338.2638888888889
        ]
    ],
    "target_contact_points": [
        [
            344.3080357142857,
            385.01785714285717
        ]
    ]
}