{
    "source_contact_points": [
        [
            330.41666666666663,
            359.09722222222223
        ]
    ],
    "target_contact_points": [
        [
            349.9375,
            366.4107142857143
        ]
    ]
}