{
    "source_contact_points": [
        [
            338.75,
            243.81944444444443
        ]
    ],
    "target_contact_points": [
        [
            326.41517857142856,
            352.1875
        ]
    ]
}