{
    "source_contact_points": [
        [
            300.55555555555554,
            327.84722222222223
        ]
    ],
    "target_contact_points": [
        [
            239.64732142857142,
            385.8125
        ]
    ]
}