{
    "source_contact_points": [
        [
            275.55555555555554,
            330.625
        ]
    ],
    "target_contact_points": [
        [
            335.7142857142857,
            389.5357142857143
        ]
    ]
}