{
    "source_contact_points": [
        [
            403.33333333333337,
            334.7916666666667
        ]
    ],
    "target_contact_points": [
        [
            406.81919642857144,
            179.33035714285714
        ]
    ]
}