{
    "source_contact_points": [
        [
            330.41666666666663,
            359.09722222222223
        ]
    ],
    "target_contact_points": [
        [
            319.13839285714283,
            398.55580357142856
        ]
    ]
}