{
    "source_contact_points": [
        [
            307.5,
            347.9861111111111
        ]
    ],
    "target_contact_points": [
        [
            267.95535714285717,
            375.42857142857144
        ]
    ]
}