{
    "source_contact_points": [
        [
            403.33333333333337,
            334.7916666666667
        ]
    ],
    "target_contact_points": [
        [
            409.30357142857144,
            168.94196428571428
        ]
    ]
}