{
    "source_contact_points": [
        [
            249.86111111111111,
            293.125
        ]
    ],
    "target_contact_points": [
        [
            368.81026785714283,
            420.6294642857143
        ]
    ]
}