{
    "source_contact_points": [
        [
            313.75,
            277.15277777777777
        ]
    ],
    "target_contact_points": [
        [
            304.4799107142857,
            357.03348214285717
        ]
    ]
}