{
    "source_contact_points": [
        [
            296.3888888888889,
            311.18055555555554
        ]
    ],
    "target_contact_points": [
        [
            324.6071428571429,
            405.5
        ]
    ]
}