{
    "source_contact_points": [
        [
            300.55555555555554,
            327.84722222222223
        ]
    ],
    "target_contact_points": [
        [
            252.60491071428572,
            395.3549107142857
        ]
    ]
}