{
    "source_contact_points": [
        [
            275.55555555555554,
            330.625
        ]
    ],
    "target_contact_points": [
        [
            324.40625,
            393.9017857142857
        ]
    ]
}