{
    "source_contact_points": [
        [
            275.55555555555554,
            330.625
        ]
    ],
    "target_contact_points": [
        [
            279.0491071428571,
            415.24330357142856
        ]
    ]
}