{
    "source_contact_points": [
        [
            408.19444444444446,
            338.2638888888889
        ]
    ],
    "target_contact_points": [
        [
            391.53794642857144,
            412.11607142857144
        ]
    ]
}