{
    "source_contact_points": [
        [
            313.75,
            277.15277777777777
        ]
    ],
    "target_contact_points": [
        [
            354.25,
            338.4107142857143
        ]
    ]
}