{
    "source_contact_points": [
        [
            408.19444444444446,
            338.2638888888889
        ]
    ],
    "target_contact_points": [
        [
            375.44419642857144,
            400.5267857142857
        ]
    ]
}