{
    "source_contact_points": [
        [
            307.5,
            347.9861111111111
        ]
    ],
    "target_contact_points": [
        [
            271.4017857142857,
            363.1674107142857
        ]
    ]
}